id;first_name;second_name;e-mail
1;Antonio;Diaz;AntonioCDiaz@jourrapide.com
2;Jimmie;Edwards;JimmieMEdwards@teleworm.us
3;Stanley;Yoshida;StanleyBYoshida@rhyta.com
4;Paul;Saladin;PaulNSaladin@rhyta.com
5;Robert;Roberts;RobertMRoberts@rhyta.com
6;Maria;Denney;MariaRDenney@teleworm.us